{
 "charts": [],
 "content": "[{\"type\":\"header\",\"data\":{\"text\":\"<span style=\\\"font-size: 18px;\\\"><b>Reports &amp; Masters</b></span>\",\"col\":12}},{\"type\":\"card\",\"data\":{\"card_name\":\"Accounting Reports\",\"col\":4}},{\"type\":\"card\",\"data\":{\"card_name\":\"Payroll Reports\",\"col\":4}}]",
 "creation": "2022-11-03 16:41:03.405594",
 "docstatus": 0,
 "doctype": "Workspace",
 "for_user": "",
 "hide_custom": 0,
 "icon": "file",
 "idx": 0,
 "label": "Kenya",
 "links": [
  {
   "hidden": 0,
   "is_query_report": 0,
   "label": "Payroll Reports",
   "link_count": 6,
   "onboard": 0,
   "type": "Card Break"
  },
  {
   "hidden": 0,
   "is_query_report": 1,
   "label": "NHIF Report",
   "link_count": 0,
   "link_to": "Kenya NHIF Report",
   "link_type": "Report",
   "onboard": 0,
   "type": "Link"
  },
  {
   "hidden": 0,
   "is_query_report": 1,
   "label": "NSSF Report",
   "link_count": 0,
   "link_to": "Kenya NSSF Report",
   "link_type": "Report",
   "onboard": 0,
   "type": "Link"
  },
  {
   "hidden": 0,
   "is_query_report": 1,
   "label": "HELB Report",
   "link_count": 0,
   "link_to": "Kenya HELB Report",
   "link_type": "Report",
   "onboard": 0,
   "type": "Link"
  },
  {
   "hidden": 0,
   "is_query_report": 1,
   "label": "Payroll Register Report",
   "link_count": 0,
   "link_to": "Kenya Payroll Register Report",
   "link_type": "Report",
   "onboard": 0,
   "type": "Link"
  },
  {
   "hidden": 0,
   "is_query_report": 1,
   "label": "Bank Payroll Advice Report",
   "link_count": 0,
   "link_to": "Kenya Bank Payroll Advice Report",
   "link_type": "Report",
   "onboard": 0,
   "type": "Link"
  },
  {
   "hidden": 0,
   "is_query_report": 1,
   "label": "P9A Tax Deduction Card Report",
   "link_count": 0,
   "link_to": "Kenya P9A Tax Deduction Card Report",
   "link_type": "Report",
   "onboard": 0,
   "type": "Link"
  },
  {
   "hidden": 0,
   "is_query_report": 0,
   "label": "Accounting Reports",
   "link_count": 2,
   "onboard": 0,
   "type": "Card Break"
  },
  {
   "hidden": 0,
   "is_query_report": 1,
   "label": "Sales Tax Report",
   "link_count": 0,
   "link_to": "Kenya Sales Tax Report",
   "link_type": "Report",
   "onboard": 0,
   "type": "Link"
  },
  {
   "hidden": 0,
   "is_query_report": 1,
   "label": "Purchase Tax Report",
   "link_count": 0,
   "link_to": "Kenya Purchase Tax Report",
   "link_type": "Report",
   "onboard": 0,
   "type": "Link"
  }
 ],
 "modified": "2022-11-04 08:46:10.431488",
 "modified_by": "Administrator",
 "module": "CSF KE",
 "name": "Kenya",
 "owner": "Administrator",
 "parent_page": "",
 "public": 1,
 "quick_lists": [],
 "roles": [],
 "sequence_id": 41.0,
 "shortcuts": [],
 "title": "Kenya"
}