[
 {
  "allow_in_quick_entry": 0,
  "allow_on_submit": 0,
  "bold": 0,
  "collapsible": 0,
  "collapsible_depends_on": null,
  "columns": 0,
  "default": null,
  "depends_on": null,
  "description": null,
  "docstatus": 0,
  "doctype": "Custom Field",
  "dt": "Salary Component",
  "fetch_from": null,
  "fetch_if_empty": 0,
  "fieldname": "p9a_tax_deduction_card_type",
  "fieldtype": "Select",
  "hidden": 0,
  "hide_border": 0,
  "hide_days": 0,
  "hide_seconds": 0,
  "ignore_user_permissions": 0,
  "ignore_xss_filter": 0,
  "in_global_search": 0,
  "in_list_view": 1,
  "in_preview": 0,
  "in_standard_filter": 1,
  "insert_after": "type",
  "label": "P9A Tax Deduction Card Type",
  "length": 0,
  "mandatory_depends_on": null,
  "modified": "2022-06-13 09:57:32.994066",
  "name": "Salary Component-p9a_tax_deduction_card_type",
  "no_copy": 0,
  "non_negative": 0,
  "options": "\nBasic Salary\nBenefits NonCash\nValue of Quarters\nTotal Gross Pay\nE1 Defined Contribution Retirement Scheme\nE2 Defined Contribution Retirement Scheme\nE3 Defined Contribution Retirement Scheme\nOwner Occupied Interest\nRetirement Contribution and Owner Occupied Interest\nChargeable Pay\nTax Charged\nPersonal Relief\nInsurance Relief\nPAYE Tax",
  "parent": null,
  "parentfield": null,
  "parenttype": null,
  "permlevel": 0,
  "precision": "",
  "print_hide": 0,
  "print_hide_if_no_value": 0,
  "print_width": null,
  "read_only": 0,
  "read_only_depends_on": null,
  "report_hide": 0,
  "reqd": 0,
  "search_index": 0,
  "translatable": 1,
  "unique": 0,
  "width": null
 },
 {
  "allow_in_quick_entry": 0,
  "allow_on_submit": 0,
  "bold": 0,
  "collapsible": 0,
  "collapsible_depends_on": null,
  "columns": 0,
  "default": null,
  "depends_on": null,
  "description": null,
  "docstatus": 0,
  "doctype": "Custom Field",
  "dt": "Employee",
  "fetch_from": null,
  "fetch_if_empty": 0,
  "fieldname": "national_id",
  "fieldtype": "Data",
  "hidden": 0,
  "hide_border": 0,
  "hide_days": 0,
  "hide_seconds": 0,
  "ignore_user_permissions": 0,
  "ignore_xss_filter": 0,
  "in_global_search": 0,
  "in_list_view": 0,
  "in_preview": 0,
  "in_standard_filter": 0,
  "insert_after": "personal_details",
  "label": "National ID",
  "length": 0,
  "mandatory_depends_on": null,
  "modified": "2022-06-13 09:50:32.035697",
  "name": "Employee-national_id",
  "no_copy": 0,
  "non_negative": 0,
  "options": null,
  "parent": null,
  "parentfield": null,
  "parenttype": null,
  "permlevel": 0,
  "precision": "",
  "print_hide": 0,
  "print_hide_if_no_value": 0,
  "print_width": null,
  "read_only": 0,
  "read_only_depends_on": null,
  "report_hide": 0,
  "reqd": 0,
  "search_index": 0,
  "translatable": 1,
  "unique": 0,
  "width": null
 },
 {
  "allow_in_quick_entry": 0,
  "allow_on_submit": 0,
  "bold": 0,
  "collapsible": 0,
  "collapsible_depends_on": null,
  "columns": 0,
  "default": null,
  "depends_on": null,
  "description": null,
  "docstatus": 0,
  "doctype": "Custom Field",
  "dt": "Employee",
  "fetch_from": null,
  "fetch_if_empty": 0,
  "fieldname": "nssf_no",
  "fieldtype": "Data",
  "hidden": 0,
  "hide_border": 0,
  "hide_days": 0,
  "hide_seconds": 0,
  "ignore_user_permissions": 0,
  "ignore_xss_filter": 0,
  "in_global_search": 0,
  "in_list_view": 0,
  "in_preview": 0,
  "in_standard_filter": 0,
  "insert_after": "national_id",
  "label": "NSSF No",
  "length": 0,
  "mandatory_depends_on": null,
  "modified": "2022-06-13 09:50:55.548603",
  "name": "Employee-nssf_no",
  "no_copy": 0,
  "non_negative": 0,
  "options": null,
  "parent": null,
  "parentfield": null,
  "parenttype": null,
  "permlevel": 0,
  "precision": "",
  "print_hide": 0,
  "print_hide_if_no_value": 0,
  "print_width": null,
  "read_only": 0,
  "read_only_depends_on": null,
  "report_hide": 0,
  "reqd": 0,
  "search_index": 0,
  "translatable": 1,
  "unique": 0,
  "width": null
 },
 {
  "allow_in_quick_entry": 0,
  "allow_on_submit": 0,
  "bold": 0,
  "collapsible": 0,
  "collapsible_depends_on": null,
  "columns": 0,
  "default": null,
  "depends_on": null,
  "description": null,
  "docstatus": 0,
  "doctype": "Custom Field",
  "dt": "Employee",
  "fetch_from": null,
  "fetch_if_empty": 0,
  "fieldname": "nhif_no",
  "fieldtype": "Data",
  "hidden": 0,
  "hide_border": 0,
  "hide_days": 0,
  "hide_seconds": 0,
  "ignore_user_permissions": 0,
  "ignore_xss_filter": 0,
  "in_global_search": 0,
  "in_list_view": 0,
  "in_preview": 0,
  "in_standard_filter": 0,
  "insert_after": "nssf_no",
  "label": "NHIF No",
  "length": 0,
  "mandatory_depends_on": null,
  "modified": "2022-06-13 09:51:15.480812",
  "name": "Employee-nhif_no",
  "no_copy": 0,
  "non_negative": 0,
  "options": null,
  "parent": null,
  "parentfield": null,
  "parenttype": null,
  "permlevel": 0,
  "precision": "",
  "print_hide": 0,
  "print_hide_if_no_value": 0,
  "print_width": null,
  "read_only": 0,
  "read_only_depends_on": null,
  "report_hide": 0,
  "reqd": 0,
  "search_index": 0,
  "translatable": 1,
  "unique": 0,
  "width": null
 },
 {
  "allow_in_quick_entry": 0,
  "allow_on_submit": 0,
  "bold": 0,
  "collapsible": 0,
  "collapsible_depends_on": null,
  "columns": 0,
  "default": null,
  "depends_on": null,
  "description": null,
  "docstatus": 0,
  "doctype": "Custom Field",
  "dt": "Employee",
  "fetch_from": null,
  "fetch_if_empty": 0,
  "fieldname": "tax_id",
  "fieldtype": "Data",
  "hidden": 0,
  "hide_border": 0,
  "hide_days": 0,
  "hide_seconds": 0,
  "ignore_user_permissions": 0,
  "ignore_xss_filter": 0,
  "in_global_search": 0,
  "in_list_view": 0,
  "in_preview": 0,
  "in_standard_filter": 0,
  "insert_after": "nhif_no",
  "label": "Tax ID",
  "length": 0,
  "mandatory_depends_on": null,
  "modified": "2022-06-13 09:51:50.111649",
  "name": "Employee-tax_id",
  "no_copy": 0,
  "non_negative": 0,
  "options": null,
  "parent": null,
  "parentfield": null,
  "parenttype": null,
  "permlevel": 0,
  "precision": "",
  "print_hide": 0,
  "print_hide_if_no_value": 0,
  "print_width": null,
  "read_only": 0,
  "read_only_depends_on": null,
  "report_hide": 0,
  "reqd": 0,
  "search_index": 0,
  "translatable": 1,
  "unique": 0,
  "width": null
 }
]