{
 "custom_fields": [
  {
   "_assign": null,
   "_comments": null,
   "_liked_by": null,
   "_user_tags": null,
   "allow_in_quick_entry": 0,
   "allow_on_submit": 0,
   "bold": 0,
   "collapsible": 1,
   "collapsible_depends_on": null,
   "columns": 0,
   "creation": "2022-11-26 17:56:33.334833",
   "default": null,
   "depends_on": null,
   "description": null,
   "docstatus": 0,
   "dt": "Employee",
   "fetch_from": null,
   "fetch_if_empty": 0,
   "fieldname": "statutory_details",
   "fieldtype": "Section Break",
   "hidden": 0,
   "hide_border": 0,
   "hide_days": 0,
   "hide_seconds": 0,
   "idx": 82,
   "ignore_user_permissions": 0,
   "ignore_xss_filter": 0,
   "in_global_search": 0,
   "in_list_view": 0,
   "in_preview": 0,
   "in_standard_filter": 0,
   "insert_after": "personal_details",
   "is_system_generated": 0,
   "is_virtual": 0,
   "label": "Statutory Details",
   "length": 0,
   "mandatory_depends_on": null,
   "modified": "2022-11-26 18:45:20.264124",
   "modified_by": "Administrator",
   "module": "",
   "name": "Employee-statutory_details",
   "no_copy": 0,
   "non_negative": 0,
   "options": null,
   "owner": "Administrator",
   "permlevel": 0,
   "precision": "",
   "print_hide": 0,
   "print_hide_if_no_value": 0,
   "print_width": null,
   "read_only": 0,
   "read_only_depends_on": null,
   "report_hide": 0,
   "reqd": 0,
   "search_index": 0,
   "translatable": 0,
   "unique": 0,
   "width": null
  },
  {
   "_assign": null,
   "_comments": null,
   "_liked_by": null,
   "_user_tags": null,
   "allow_in_quick_entry": 0,
   "allow_on_submit": 0,
   "bold": 0,
   "collapsible": 0,
   "collapsible_depends_on": null,
   "columns": 0,
   "creation": "2022-11-26 17:47:27.953821",
   "default": null,
   "depends_on": null,
   "description": null,
   "docstatus": 0,
   "dt": "Employee",
   "fetch_from": null,
   "fetch_if_empty": 0,
   "fieldname": "national_id",
   "fieldtype": "Data",
   "hidden": 0,
   "hide_border": 0,
   "hide_days": 0,
   "hide_seconds": 0,
   "idx": 83,
   "ignore_user_permissions": 0,
   "ignore_xss_filter": 0,
   "in_global_search": 0,
   "in_list_view": 0,
   "in_preview": 0,
   "in_standard_filter": 0,
   "insert_after": "statutory_details",
   "is_system_generated": 0,
   "is_virtual": 0,
   "label": "National ID",
   "length": 0,
   "mandatory_depends_on": null,
   "modified": "2022-11-26 18:45:52.058122",
   "modified_by": "Administrator",
   "module": "",
   "name": "Employee-national_id",
   "no_copy": 0,
   "non_negative": 0,
   "options": null,
   "owner": null,
   "permlevel": 0,
   "precision": "",
   "print_hide": 0,
   "print_hide_if_no_value": 0,
   "print_width": null,
   "read_only": 0,
   "read_only_depends_on": null,
   "report_hide": 0,
   "reqd": 0,
   "search_index": 0,
   "translatable": 1,
   "unique": 0,
   "width": null
  },
  {
   "_assign": null,
   "_comments": null,
   "_liked_by": null,
   "_user_tags": null,
   "allow_in_quick_entry": 0,
   "allow_on_submit": 0,
   "bold": 0,
   "collapsible": 0,
   "collapsible_depends_on": null,
   "columns": 0,
   "creation": "2022-11-26 17:47:28.250009",
   "default": null,
   "depends_on": null,
   "description": null,
   "docstatus": 0,
   "dt": "Employee",
   "fetch_from": null,
   "fetch_if_empty": 0,
   "fieldname": "nssf_no",
   "fieldtype": "Data",
   "hidden": 0,
   "hide_border": 0,
   "hide_days": 0,
   "hide_seconds": 0,
   "idx": 84,
   "ignore_user_permissions": 0,
   "ignore_xss_filter": 0,
   "in_global_search": 0,
   "in_list_view": 0,
   "in_preview": 0,
   "in_standard_filter": 0,
   "insert_after": "national_id",
   "is_system_generated": 0,
   "is_virtual": 0,
   "label": "NSSF No",
   "length": 0,
   "mandatory_depends_on": null,
   "modified": "2022-11-26 18:46:12.442045",
   "modified_by": "Administrator",
   "module": "",
   "name": "Employee-nssf_no",
   "no_copy": 0,
   "non_negative": 0,
   "options": null,
   "owner": null,
   "permlevel": 0,
   "precision": "",
   "print_hide": 0,
   "print_hide_if_no_value": 0,
   "print_width": null,
   "read_only": 0,
   "read_only_depends_on": null,
   "report_hide": 0,
   "reqd": 0,
   "search_index": 0,
   "translatable": 1,
   "unique": 0,
   "width": null
  },
  {
   "_assign": null,
   "_comments": null,
   "_liked_by": null,
   "_user_tags": null,
   "allow_in_quick_entry": 0,
   "allow_on_submit": 0,
   "bold": 0,
   "collapsible": 0,
   "collapsible_depends_on": null,
   "columns": 0,
   "creation": "2022-11-26 18:01:31.974760",
   "default": null,
   "depends_on": null,
   "description": null,
   "docstatus": 0,
   "dt": "Employee",
   "fetch_from": null,
   "fetch_if_empty": 0,
   "fieldname": "column_break_84",
   "fieldtype": "Column Break",
   "hidden": 0,
   "hide_border": 0,
   "hide_days": 0,
   "hide_seconds": 0,
   "idx": 85,
   "ignore_user_permissions": 0,
   "ignore_xss_filter": 0,
   "in_global_search": 0,
   "in_list_view": 0,
   "in_preview": 0,
   "in_standard_filter": 0,
   "insert_after": "nssf_no",
   "is_system_generated": 0,
   "is_virtual": 0,
   "label": null,
   "length": 0,
   "mandatory_depends_on": null,
   "modified": "2022-11-26 18:46:33.287276",
   "modified_by": "Administrator",
   "module": "",
   "name": "Employee-column_break_84",
   "no_copy": 0,
   "non_negative": 0,
   "options": null,
   "owner": "Administrator",
   "permlevel": 0,
   "precision": "",
   "print_hide": 0,
   "print_hide_if_no_value": 0,
   "print_width": null,
   "read_only": 0,
   "read_only_depends_on": null,
   "report_hide": 0,
   "reqd": 0,
   "search_index": 0,
   "translatable": 0,
   "unique": 0,
   "width": null
  },
  {
   "_assign": null,
   "_comments": null,
   "_liked_by": null,
   "_user_tags": null,
   "allow_in_quick_entry": 0,
   "allow_on_submit": 0,
   "bold": 0,
   "collapsible": 0,
   "collapsible_depends_on": null,
   "columns": 0,
   "creation": "2022-11-26 17:47:28.467044",
   "default": null,
   "depends_on": null,
   "description": null,
   "docstatus": 0,
   "dt": "Employee",
   "fetch_from": null,
   "fetch_if_empty": 0,
   "fieldname": "nhif_no",
   "fieldtype": "Data",
   "hidden": 0,
   "hide_border": 0,
   "hide_days": 0,
   "hide_seconds": 0,
   "idx": 86,
   "ignore_user_permissions": 0,
   "ignore_xss_filter": 0,
   "in_global_search": 0,
   "in_list_view": 0,
   "in_preview": 0,
   "in_standard_filter": 0,
   "insert_after": "column_break_84",
   "is_system_generated": 0,
   "is_virtual": 0,
   "label": "NHIF No",
   "length": 0,
   "mandatory_depends_on": null,
   "modified": "2022-11-26 18:46:50.203091",
   "modified_by": "Administrator",
   "module": "",
   "name": "Employee-nhif_no",
   "no_copy": 0,
   "non_negative": 0,
   "options": null,
   "owner": null,
   "permlevel": 0,
   "precision": "",
   "print_hide": 0,
   "print_hide_if_no_value": 0,
   "print_width": null,
   "read_only": 0,
   "read_only_depends_on": null,
   "report_hide": 0,
   "reqd": 0,
   "search_index": 0,
   "translatable": 1,
   "unique": 0,
   "width": null
  },
  {
   "_assign": null,
   "_comments": null,
   "_liked_by": null,
   "_user_tags": null,
   "allow_in_quick_entry": 0,
   "allow_on_submit": 0,
   "bold": 0,
   "collapsible": 0,
   "collapsible_depends_on": null,
   "columns": 0,
   "creation": "2022-11-26 17:47:28.684292",
   "default": null,
   "depends_on": null,
   "description": null,
   "docstatus": 0,
   "dt": "Employee",
   "fetch_from": null,
   "fetch_if_empty": 0,
   "fieldname": "tax_id",
   "fieldtype": "Data",
   "hidden": 0,
   "hide_border": 0,
   "hide_days": 0,
   "hide_seconds": 0,
   "idx": 87,
   "ignore_user_permissions": 0,
   "ignore_xss_filter": 0,
   "in_global_search": 0,
   "in_list_view": 0,
   "in_preview": 0,
   "in_standard_filter": 0,
   "insert_after": "nhif_no",
   "is_system_generated": 0,
   "is_virtual": 0,
   "label": "Tax ID",
   "length": 0,
   "mandatory_depends_on": null,
   "modified": "2022-11-26 18:47:18.422948",
   "modified_by": "Administrator",
   "module": "",
   "name": "Employee-tax_id",
   "no_copy": 0,
   "non_negative": 0,
   "options": null,
   "owner": null,
   "permlevel": 0,
   "precision": "",
   "print_hide": 0,
   "print_hide_if_no_value": 0,
   "print_width": null,
   "read_only": 0,
   "read_only_depends_on": null,
   "report_hide": 0,
   "reqd": 0,
   "search_index": 0,
   "translatable": 1,
   "unique": 0,
   "width": null
  },
  {
   "_assign": null,
   "_comments": null,
   "_liked_by": null,
   "_user_tags": null,
   "allow_in_quick_entry": 0,
   "allow_on_submit": 0,
   "bold": 0,
   "collapsible": 0,
   "collapsible_depends_on": null,
   "columns": 0,
   "creation": "2022-11-26 18:02:04.988436",
   "default": null,
   "depends_on": null,
   "description": null,
   "docstatus": 0,
   "dt": "Employee",
   "fetch_from": null,
   "fetch_if_empty": 0,
   "fieldname": "section_break_87",
   "fieldtype": "Section Break",
   "hidden": 0,
   "hide_border": 0,
   "hide_days": 0,
   "hide_seconds": 0,
   "idx": 87,
   "ignore_user_permissions": 0,
   "ignore_xss_filter": 0,
   "in_global_search": 0,
   "in_list_view": 0,
   "in_preview": 0,
   "in_standard_filter": 0,
   "insert_after": "tax_id",
   "is_system_generated": 0,
   "is_virtual": 0,
   "label": null,
   "length": 0,
   "mandatory_depends_on": null,
   "modified": "2022-11-26 18:47:41.153355",
   "modified_by": "Administrator",
   "module": "",
   "name": "Employee-section_break_87",
   "no_copy": 0,
   "non_negative": 0,
   "options": null,
   "owner": "Administrator",
   "permlevel": 0,
   "precision": "",
   "print_hide": 0,
   "print_hide_if_no_value": 0,
   "print_width": null,
   "read_only": 0,
   "read_only_depends_on": null,
   "report_hide": 0,
   "reqd": 0,
   "search_index": 0,
   "translatable": 0,
   "unique": 0,
   "width": null
  }
 ],
 "custom_perms": [],
 "doctype": "Employee",
 "links": [],
 "property_setters": [
  {
   "_assign": null,
   "_comments": null,
   "_liked_by": null,
   "_user_tags": null,
   "creation": "2022-10-29 12:18:18.334791",
   "default_value": null,
   "doc_type": "Employee",
   "docstatus": 0,
   "doctype_or_field": "DocField",
   "field_name": "employee_number",
   "idx": 0,
   "is_system_generated": 0,
   "modified": "2022-10-29 12:18:18.334791",
   "modified_by": "Administrator",
   "module": null,
   "name": "Employee-employee_number-hidden",
   "owner": "Administrator",
   "property": "hidden",
   "property_type": "Check",
   "row_name": null,
   "value": "1"
  },
  {
   "_assign": null,
   "_comments": null,
   "_liked_by": null,
   "_user_tags": null,
   "creation": "2022-10-29 12:18:18.324790",
   "default_value": null,
   "doc_type": "Employee",
   "docstatus": 0,
   "doctype_or_field": "DocField",
   "field_name": "employee_number",
   "idx": 0,
   "is_system_generated": 0,
   "modified": "2022-10-29 12:18:18.324790",
   "modified_by": "Administrator",
   "module": null,
   "name": "Employee-employee_number-reqd",
   "owner": "Administrator",
   "property": "reqd",
   "property_type": "Check",
   "row_name": null,
   "value": "0"
  },
  {
   "_assign": null,
   "_comments": null,
   "_liked_by": null,
   "_user_tags": null,
   "creation": "2022-10-29 12:18:18.274169",
   "default_value": null,
   "doc_type": "Employee",
   "docstatus": 0,
   "doctype_or_field": "DocField",
   "field_name": "naming_series",
   "idx": 0,
   "is_system_generated": 0,
   "modified": "2022-10-29 12:18:18.274169",
   "modified_by": "Administrator",
   "module": null,
   "name": "Employee-naming_series-reqd",
   "owner": "Administrator",
   "property": "reqd",
   "property_type": "Check",
   "row_name": null,
   "value": "1"
  },
  {
   "_assign": null,
   "_comments": null,
   "_liked_by": null,
   "_user_tags": null,
   "creation": "2022-10-29 12:18:18.256376",
   "default_value": null,
   "doc_type": "Employee",
   "docstatus": 0,
   "doctype_or_field": "DocField",
   "field_name": "naming_series",
   "idx": 0,
   "is_system_generated": 0,
   "modified": "2022-10-29 12:18:18.256376",
   "modified_by": "Administrator",
   "module": null,
   "name": "Employee-naming_series-hidden",
   "owner": "Administrator",
   "property": "hidden",
   "property_type": "Check",
   "row_name": null,
   "value": "0"
  }
 ],
 "sync_on_migrate": 1
}